variable,domain
l_CLI1,CLI
l_CLI10,CLI
l_CLI11,CLI
l_CLI12,CLI
l_CLI13,CLI
l_CLI14,CLI
l_CLI15,CLI
l_CLI16,CLI
l_CLI17,CLI
l_CLI18,CLI
l_CLI19,CLI
l_CLI2,CLI
l_CLI20,CLI
l_CLI21,CLI
l_CLI22,CLI
l_CLI23,CLI
l_CLI24,CLI
l_CLI25,CLI
l_CLI26,CLI
l_CLI27,CLI
l_CLI28,CLI
l_CLI29,CLI
l_CLI3,CLI
l_CLI30,CLI
l_CLI31,CLI
l_CLI32,CLI
l_CLI33,CLI
l_CLI34,CLI
l_CLI35,CLI
l_CLI36,CLI
l_CLI37,CLI
l_CLI38,CLI
l_CLI39,CLI
l_CLI4,CLI
l_CLI40,CLI
l_CLI41,CLI
l_CLI42,CLI
l_CLI43,CLI
l_CLI44,CLI
l_CLI45,CLI
l_CLI46,CLI
l_CLI47,CLI
l_CLI48,CLI
l_CLI49,CLI
l_CLI5,CLI
l_CLI50,CLI
l_CLI51,CLI
l_CLI52,CLI
l_CLI53,CLI
l_CLI54,CLI
l_CLI55,CLI
l_CLI56,CLI
l_CLI57,CLI
l_CLI58,CLI
l_CLI59,CLI
l_CLI6,CLI
l_CLI60,CLI
l_CLI61,CLI
l_CLI62,CLI
l_CLI63,CLI
l_CLI64,CLI
l_CLI65,CLI
l_CLI66,CLI
l_CLI67,CLI
l_CLI68,CLI
l_CLI69,CLI
l_CLI7,CLI
l_CLI70,CLI
l_CLI71,CLI
l_CLI72,CLI
l_CLI73,CLI
l_CLI74,CLI
l_CLI75,CLI
l_CLI76,CLI
l_CLI8,CLI
l_CLI9,CLI
l_LAC1,LAC
l_LAC10,LAC
l_LAC11,LAC
l_LAC12,LAC
l_LAC13,LAC
l_LAC14,LAC
l_LAC15,LAC
l_LAC16,LAC
l_LAC17,LAC
l_LAC18,LAC
l_LAC19,LAC
l_LAC2,LAC
l_LAC20,LAC
l_LAC21,LAC
l_LAC22,LAC
l_LAC3,LAC
l_LAC4,LAC
l_LAC5,LAC
l_LAC6,LAC
l_LAC7,LAC
l_LAC8,LAC
l_LAC9,LAC
l_SOL1,SOL
l_SOL10,SOL
l_SOL11,SOL
l_SOL12,SOL
l_SOL13,SOL
l_SOL14,SOL
l_SOL15,SOL
l_SOL16,SOL
l_SOL17,SOL
l_SOL18,SOL
l_SOL19,SOL
l_SOL2,SOL
l_SOL20,SOL
l_SOL21,SOL
l_SOL22,SOL
l_SOL23,SOL
l_SOL24,SOL
l_SOL25,SOL
l_SOL26,SOL
l_SOL27,SOL
l_SOL28,SOL
l_SOL29,SOL
l_SOL3,SOL
l_SOL30,SOL
l_SOL31,SOL
l_SOL32,SOL
l_SOL33,SOL
l_SOL34,SOL
l_SOL35,SOL
l_SOL36,SOL
l_SOL37,SOL
l_SOL38,SOL
l_SOL39,SOL
l_SOL4,SOL
l_SOL40,SOL
l_SOL41,SOL
l_SOL42,SOL
l_SOL43,SOL
l_SOL44,SOL
l_SOL45,SOL
l_SOL46,SOL
l_SOL47,SOL
l_SOL48,SOL
l_SOL49,SOL
l_SOL5,SOL
l_SOL50,SOL
l_SOL51,SOL
l_SOL52,SOL
l_SOL53,SOL
l_SOL54,SOL
l_SOL55,SOL
l_SOL56,SOL
l_SOL57,SOL
l_SOL58,SOL
l_SOL59,SOL
l_SOL6,SOL
l_SOL60,SOL
l_SOL7,SOL
l_SOL8,SOL
l_SOL9,SOL
l_TOP1,TOP
l_TOP10,TOP
l_TOP100,TOP
l_TOP101,TOP
l_TOP102,TOP
l_TOP103,TOP
l_TOP104,TOP
l_TOP105,TOP
l_TOP106,TOP
l_TOP107,TOP
l_TOP108,TOP
l_TOP109,TOP
l_TOP11,TOP
l_TOP110,TOP
l_TOP111,TOP
l_TOP112,TOP
l_TOP113,TOP
l_TOP114,TOP
l_TOP115,TOP
l_TOP116,TOP
l_TOP117,TOP
l_TOP118,TOP
l_TOP119,TOP
l_TOP12,TOP
l_TOP120,TOP
l_TOP121,TOP
l_TOP122,TOP
l_TOP123,TOP
l_TOP124,TOP
l_TOP125,TOP
l_TOP126,TOP
l_TOP127,TOP
l_TOP128,TOP
l_TOP129,TOP
l_TOP13,TOP
l_TOP130,TOP
l_TOP131,TOP
l_TOP132,TOP
l_TOP133,TOP
l_TOP134,TOP
l_TOP135,TOP
l_TOP136,TOP
l_TOP137,TOP
l_TOP138,TOP
l_TOP139,TOP
l_TOP14,TOP
l_TOP140,TOP
l_TOP141,TOP
l_TOP142,TOP
l_TOP143,TOP
l_TOP144,TOP
l_TOP15,TOP
l_TOP16,TOP
l_TOP17,TOP
l_TOP18,TOP
l_TOP19,TOP
l_TOP2,TOP
l_TOP20,TOP
l_TOP21,TOP
l_TOP22,TOP
l_TOP23,TOP
l_TOP24,TOP
l_TOP25,TOP
l_TOP26,TOP
l_TOP27,TOP
l_TOP28,TOP
l_TOP29,TOP
l_TOP3,TOP
l_TOP30,TOP
l_TOP31,TOP
l_TOP32,TOP
l_TOP33,TOP
l_TOP34,TOP
l_TOP35,TOP
l_TOP36,TOP
l_TOP37,TOP
l_TOP38,TOP
l_TOP39,TOP
l_TOP4,TOP
l_TOP40,TOP
l_TOP41,TOP
l_TOP42,TOP
l_TOP43,TOP
l_TOP44,TOP
l_TOP45,TOP
l_TOP46,TOP
l_TOP47,TOP
l_TOP48,TOP
l_TOP49,TOP
l_TOP5,TOP
l_TOP50,TOP
l_TOP51,TOP
l_TOP52,TOP
l_TOP53,TOP
l_TOP54,TOP
l_TOP55,TOP
l_TOP56,TOP
l_TOP57,TOP
l_TOP58,TOP
l_TOP59,TOP
l_TOP6,TOP
l_TOP60,TOP
l_TOP61,TOP
l_TOP62,TOP
l_TOP63,TOP
l_TOP64,TOP
l_TOP65,TOP
l_TOP66,TOP
l_TOP67,TOP
l_TOP68,TOP
l_TOP69,TOP
l_TOP7,TOP
l_TOP70,TOP
l_TOP71,TOP
l_TOP72,TOP
l_TOP73,TOP
l_TOP74,TOP
l_TOP75,TOP
l_TOP76,TOP
l_TOP77,TOP
l_TOP78,TOP
l_TOP79,TOP
l_TOP8,TOP
l_TOP80,TOP
l_TOP81,TOP
l_TOP82,TOP
l_TOP83,TOP
l_TOP84,TOP
l_TOP85,TOP
l_TOP86,TOP
l_TOP87,TOP
l_TOP88,TOP
l_TOP89,TOP
l_TOP9,TOP
l_TOP90,TOP
l_TOP91,TOP
l_TOP92,TOP
l_TOP93,TOP
l_TOP94,TOP
l_TOP95,TOP
l_TOP96,TOP
l_TOP97,TOP
l_TOP98,TOP
l_TOP99,TOP
u_CLI11,CLI
u_CLI15,CLI
u_CLI19,CLI
u_CLI23,CLI
u_CLI27,CLI
u_CLI3,CLI
u_CLI31,CLI
u_CLI35,CLI
u_CLI39,CLI
u_CLI43,CLI
u_CLI47,CLI
u_CLI51,CLI
u_CLI55,CLI
u_CLI59,CLI
u_CLI63,CLI
u_CLI67,CLI
u_CLI7,CLI
u_CLI71,CLI
u_CLI75,CLI
u_LAC1,LAC
u_LAC10,LAC
u_LAC11,LAC
u_LAC12,LAC
u_LAC13,LAC
u_LAC14,LAC
u_LAC15,LAC
u_LAC16,LAC
u_LAC17,LAC
u_LAC18,LAC
u_LAC19,LAC
u_LAC2,LAC
u_LAC20,LAC
u_LAC21,LAC
u_LAC22,LAC
u_LAC3,LAC
u_LAC4,LAC
u_LAC5,LAC
u_LAC6,LAC
u_LAC7,LAC
u_LAC8,LAC
u_LAC9,LAC
u_SOL11,SOL
u_SOL15,SOL
u_SOL19,SOL
u_SOL23,SOL
u_SOL27,SOL
u_SOL3,SOL
u_SOL31,SOL
u_SOL35,SOL
u_SOL39,SOL
u_SOL43,SOL
u_SOL47,SOL
u_SOL51,SOL
u_SOL55,SOL
u_SOL59,SOL
u_SOL7,SOL
u_TOP103,TOP
u_TOP105,TOP
u_TOP11,TOP
u_TOP110,TOP
u_TOP111,TOP
u_TOP112,TOP
u_TOP114,TOP
u_TOP117,TOP
u_TOP119,TOP
u_TOP122,TOP
u_TOP126,TOP
u_TOP130,TOP
u_TOP132,TOP
u_TOP135,TOP
u_TOP139,TOP
u_TOP143,TOP
u_TOP15,TOP
u_TOP19,TOP
u_TOP23,TOP
u_TOP27,TOP
u_TOP3,TOP
u_TOP31,TOP
u_TOP35,TOP
u_TOP39,TOP
u_TOP43,TOP
u_TOP47,TOP
u_TOP51,TOP
u_TOP55,TOP
u_TOP59,TOP
u_TOP63,TOP
u_TOP67,TOP
u_TOP7,TOP
u_TOP71,TOP
u_TOP75,TOP
u_TOP79,TOP
u_TOP83,TOP
u_TOP87,TOP
u_TOP91,TOP
u_TOP95,TOP
u_TOP99,TOP
